company_name,local_account_no,statement_line_code,effective_from,effective_to
C&P,B10120,share_capital,1900-01-01,9999-12-31
C&P,B15110,retained_earnings,1900-01-01,9999-12-31
C&P,B35420,tax_payable,1900-01-01,9999-12-31
C&P,B55135,trade_and_other_payables,1900-01-01,9999-12-31
C&P,B55430,trade_and_other_receivables,1900-01-01,9999-12-31
C&P,B55480,trade_and_other_receivables,1900-01-01,9999-12-31
C&P,B55550,prepayments,1900-01-01,9999-12-31
C&P,B55570,intercompany_receivable,1900-01-01,9999-12-31
C&P,B60110,cash_and_cash_equivalents,1900-01-01,9999-12-31
C&P,B60180,cash_and_cash_equivalents,1900-01-01,9999-12-31
C&P,B60210,cash_and_cash_equivalents,1900-01-01,9999-12-31
C&P,B65110,trade_and_other_receivables,1900-01-01,9999-12-31
C&P,B65150,cash_and_cash_equivalents,1900-01-01,9999-12-31
C&P,B65180,prepayments,1900-01-01,9999-12-31
C&P,B65200,trade_and_other_payables,1900-01-01,9999-12-31
C&P,B65240,input_vat,1900-01-01,9999-12-31
C&P,B65290,input_vat,1900-01-01,9999-12-31
C&P,B70190,input_vat,1900-01-01,9999-12-31
C&P,B70280,trade_and_other_payables,1900-01-01,9999-12-31
C&P,B70340,trade_and_other_receivables,1900-01-01,9999-12-31
C&P,B75120,tax_payable,1900-01-01,9999-12-31
C&P,B80120,trade_and_other_payables,1900-01-01,9999-12-31
C&P,B80170,input_vat,1900-01-01,9999-12-31
C&P,I10067,trade_and_other_payables,1900-01-01,9999-12-31
C&P,I10121,interest_income,1900-01-01,9999-12-31
C&P,I25029,personnel_costs,1900-01-01,9999-12-31
C&P,I25079,operating_expenses,1900-01-01,9999-12-31
C&P,I25141,professional_fees,1900-01-01,9999-12-31
C&P,I25145,professional_fees,1900-01-01,9999-12-31
C&P,I25358,operating_expenses,1900-01-01,9999-12-31
C&P,I25360,general_expenses,1900-01-01,9999-12-31
C&P,I25367,general_expenses,1900-01-01,9999-12-31
C&P,I25401,operating_expenses,1900-01-01,9999-12-31
C&P,I25428,operating_expenses,1900-01-01,9999-12-31
DRC,B10120,share_capital,1900-01-01,9999-12-31
DRC,B15110,retained_earnings,1900-01-01,9999-12-31
DRC,B35140,motor_vehicles_cost,1900-01-01,9999-12-31
DRC,B35160,motor_vehicles_cost,1900-01-01,9999-12-31
DRC,B35170,furniture_fittings_cost,1900-01-01,9999-12-31
DRC,B35180,furniture_fittings_cost,1900-01-01,9999-12-31
DRC,B35200,furniture_fittings_depreciation,1900-01-01,9999-12-31
DRC,B35210,ppe_cost,1900-01-01,9999-12-31
DRC,B35220,ppe_cost,1900-01-01,9999-12-31
DRC,B35240,ppe_depreciation,1900-01-01,9999-12-31
DRC,B35280,ppe_cost,1900-01-01,9999-12-31
DRC,B35290,ppe_depreciation,1900-01-01,9999-12-31
DRC,B35350,ppe_cost,1900-01-01,9999-12-31
DRC,B35370,ppe_cost,1900-01-01,9999-12-31
DRC,B55360,prepayments,1900-01-01,9999-12-31
DRC,B55480,trade_and_other_receivables,1900-01-01,9999-12-31
DRC,B55570,intercompany_receivable,1900-01-01,9999-12-31
DRC,B60090,cash_and_cash_equivalents,1900-01-01,9999-12-31
DRC,B60190,cash_and_cash_equivalents,1900-01-01,9999-12-31
DRC,B60191,cash_and_cash_equivalents,1900-01-01,9999-12-31
DRC,B60192,cash_and_cash_equivalents,1900-01-01,9999-12-31
DRC,B60193,cash_and_cash_equivalents,1900-01-01,9999-12-31
DRC,B60430,cash_and_cash_equivalents,1900-01-01,9999-12-31
DRC,B65130,intercompany_receivable,1900-01-01,9999-12-31
DRC,B65160,cash_and_cash_equivalents,1900-01-01,9999-12-31
DRC,B70235,personnel_costs,1900-01-01,9999-12-31
DRC,B70280,trade_and_other_payables,1900-01-01,9999-12-31
DRC,B70290,trade_and_other_payables,1900-01-01,9999-12-31
DRC,B70400,trade_and_other_payables,1900-01-01,9999-12-31
DRC,B75120,tax_payable,1900-01-01,9999-12-31
DRC,B80170,input_vat,1900-01-01,9999-12-31
DRC,I10003,commission_expense,1900-01-01,9999-12-31
DRC,I25001,personnel_costs,1900-01-01,9999-12-31
DRC,I25003,personnel_costs,1900-01-01,9999-12-31
DRC,I25005,personnel_costs,1900-01-01,9999-12-31
DRC,I25020,personnel_costs,1900-01-01,9999-12-31
DRC,I25026,operating_expenses,1900-01-01,9999-12-31
DRC,I25029,personnel_costs,1900-01-01,9999-12-31
DRC,I25032,commission_expense,1900-01-01,9999-12-31
DRC,I25072,operating_expenses,1900-01-01,9999-12-31
DRC,I25074,operating_expenses,1900-01-01,9999-12-31
DRC,I25075,operating_expenses,1900-01-01,9999-12-31
DRC,I25080,operating_expenses,1900-01-01,9999-12-31
DRC,I25082,operating_expenses,1900-01-01,9999-12-31
DRC,I25111,operating_expenses,1900-01-01,9999-12-31
DRC,I25114,operating_expenses,1900-01-01,9999-12-31
DRC,I25141,professional_fees,1900-01-01,9999-12-31
DRC,I25144,professional_fees,1900-01-01,9999-12-31
DRC,I25145,professional_fees,1900-01-01,9999-12-31
DRC,I25159,operating_expenses,1900-01-01,9999-12-31
DRC,I25181,operating_expenses,1900-01-01,9999-12-31
DRC,I25182,operating_expenses,1900-01-01,9999-12-31
DRC,I25193,operating_expenses,1900-01-01,9999-12-31
DRC,I25203,operating_expenses,1900-01-01,9999-12-31
DRC,I25205,operating_expenses,1900-01-01,9999-12-31
DRC,I25206,operating_expenses,1900-01-01,9999-12-31
DRC,I25232,operating_expenses,1900-01-01,9999-12-31
DRC,I25236,operating_expenses,1900-01-01,9999-12-31
DRC,I25261,depreciation_amortisation,1900-01-01,9999-12-31
DRC,I25263,ppe_cost,1900-01-01,9999-12-31
DRC,I25264,depreciation_amortisation,1900-01-01,9999-12-31
DRC,I25265,depreciation_amortisation,1900-01-01,9999-12-31
DRC,I25291,operating_expenses,1900-01-01,9999-12-31
DRC,I25294,operating_expenses,1900-01-01,9999-12-31
DRC,I25358,operating_expenses,1900-01-01,9999-12-31
DRC,I25360,operating_expenses,1900-01-01,9999-12-31
DRC,I25367,general_expenses,1900-01-01,9999-12-31
DRC,I25373,trade_and_other_payables,1900-01-01,9999-12-31
DRC,I25401,operating_expenses,1900-01-01,9999-12-31
DRC,I25421,operating_expenses,1900-01-01,9999-12-31
DRC,I25422,operating_expenses,1900-01-01,9999-12-31
DRC,I25423,depreciation_amortisation,1900-01-01,9999-12-31
DRC,I25429,operating_expenses,1900-01-01,9999-12-31
DRC,I25452,operating_expenses,1900-01-01,9999-12-31
DRC,I25453,operating_expenses,1900-01-01,9999-12-31
DRC,I25454,operating_expenses,1900-01-01,9999-12-31
DRC,I25455,operating_expenses,1900-01-01,9999-12-31
DRC,I25456,operating_expenses,1900-01-01,9999-12-31
DRC,I25457,operating_expenses,1900-01-01,9999-12-31
MALAWI,B10120,share_capital,1900-01-01,9999-12-31
MALAWI,B10150,funds_awaiting_capitalisation,1900-01-01,9999-12-31
MALAWI,B10160,other_reserves,1900-01-01,9999-12-31
MALAWI,B15110,retained_earnings,1900-01-01,9999-12-31
MALAWI,B20130,other_reserves,1900-01-01,9999-12-31
MALAWI,B35140,motor_vehicles_cost,1900-01-01,9999-12-31
MALAWI,B35150,motor_vehicles_depreciation,1900-01-01,9999-12-31
MALAWI,B35170,furniture_fittings_cost,1900-01-01,9999-12-31
MALAWI,B35180,furniture_fittings_cost,1900-01-01,9999-12-31
MALAWI,B35190,furniture_fittings_depreciation,1900-01-01,9999-12-31
MALAWI,B35200,furniture_fittings_depreciation,1900-01-01,9999-12-31
MALAWI,B35220,ppe_cost,1900-01-01,9999-12-31
MALAWI,B35240,ppe_depreciation,1900-01-01,9999-12-31
MALAWI,B35250,ppe_cost,1900-01-01,9999-12-31
MALAWI,B35260,ppe_cost,1900-01-01,9999-12-31
MALAWI,B35290,ppe_depreciation,1900-01-01,9999-12-31
MALAWI,B35320,computer_software,1900-01-01,9999-12-31
MALAWI,B35340,computer_software,1900-01-01,9999-12-31
MALAWI,B35420,tax_payable,1900-01-01,9999-12-31
MALAWI,B45130,ppe_cost,1900-01-01,9999-12-31
MALAWI,B55140,trade_and_other_receivables,1900-01-01,9999-12-31
MALAWI,B55410,prepayments,1900-01-01,9999-12-31
MALAWI,B55480,trade_and_other_receivables,1900-01-01,9999-12-31
MALAWI,B55570,intercompany_receivable,1900-01-01,9999-12-31
MALAWI,B60190,cash_and_cash_equivalents,1900-01-01,9999-12-31
MALAWI,B60440,cash_and_cash_equivalents,1900-01-01,9999-12-31
MALAWI,B60450,cash_and_cash_equivalents,1900-01-01,9999-12-31
MALAWI,B65110,trade_and_other_receivables,1900-01-01,9999-12-31
MALAWI,B65150,cash_and_cash_equivalents,1900-01-01,9999-12-31
MALAWI,B65210,trade_and_other_receivables,1900-01-01,9999-12-31
MALAWI,B65290,input_vat,1900-01-01,9999-12-31
MALAWI,B70140,trade_and_other_payables,1900-01-01,9999-12-31
MALAWI,B70190,input_vat,1900-01-01,9999-12-31
MALAWI,B70235,personnel_costs,1900-01-01,9999-12-31
MALAWI,B70240,trade_and_other_payables,1900-01-01,9999-12-31
MALAWI,B70250,trade_and_other_payables,1900-01-01,9999-12-31
MALAWI,B70280,trade_and_other_payables,1900-01-01,9999-12-31
MALAWI,B70340,trade_and_other_receivables,1900-01-01,9999-12-31
MALAWI,B70400,trade_and_other_payables,1900-01-01,9999-12-31
MALAWI,B70440,trade_and_other_payables,1900-01-01,9999-12-31
MALAWI,B70450,trade_and_other_payables,1900-01-01,9999-12-31
MALAWI,B75120,tax_payable,1900-01-01,9999-12-31
MALAWI,B80170,input_vat,1900-01-01,9999-12-31
MALAWI,I10071,fee_income,1900-01-01,9999-12-31
MALAWI,I10090,retained_earnings,1900-01-01,9999-12-31
MALAWI,I25003,personnel_costs,1900-01-01,9999-12-31
MALAWI,I25004,personnel_costs,1900-01-01,9999-12-31
MALAWI,I25005,personnel_costs,1900-01-01,9999-12-31
MALAWI,I25009,personnel_costs,1900-01-01,9999-12-31
MALAWI,I25024,personnel_costs,1900-01-01,9999-12-31
MALAWI,I25029,personnel_costs,1900-01-01,9999-12-31
MALAWI,I25043,tax_payable,1900-01-01,9999-12-31
MALAWI,I25071,operating_expenses,1900-01-01,9999-12-31
MALAWI,I25072,operating_expenses,1900-01-01,9999-12-31
MALAWI,I25076,operating_expenses,1900-01-01,9999-12-31
MALAWI,I25078,operating_expenses,1900-01-01,9999-12-31
MALAWI,I25079,operating_expenses,1900-01-01,9999-12-31
MALAWI,I25080,operating_expenses,1900-01-01,9999-12-31
MALAWI,I25111,operating_expenses,1900-01-01,9999-12-31
MALAWI,I25141,professional_fees,1900-01-01,9999-12-31
MALAWI,I25142,professional_fees,1900-01-01,9999-12-31
MALAWI,I25158,professional_fees,1900-01-01,9999-12-31
MALAWI,I25159,operating_expenses,1900-01-01,9999-12-31
MALAWI,I25181,operating_expenses,1900-01-01,9999-12-31
MALAWI,I25182,operating_expenses,1900-01-01,9999-12-31
MALAWI,I25183,operating_expenses,1900-01-01,9999-12-31
MALAWI,I25193,operating_expenses,1900-01-01,9999-12-31
MALAWI,I25203,operating_expenses,1900-01-01,9999-12-31
MALAWI,I25232,operating_expenses,1900-01-01,9999-12-31
MALAWI,I25261,depreciation_amortisation,1900-01-01,9999-12-31
MALAWI,I25262,depreciation_amortisation,1900-01-01,9999-12-31
MALAWI,I25264,depreciation_amortisation,1900-01-01,9999-12-31
MALAWI,I25265,depreciation_amortisation,1900-01-01,9999-12-31
MALAWI,I25329,personnel_costs,1900-01-01,9999-12-31
MALAWI,I25354,operating_expenses,1900-01-01,9999-12-31
MALAWI,I25357,operating_expenses,1900-01-01,9999-12-31
MALAWI,I25358,operating_expenses,1900-01-01,9999-12-31
MALAWI,I25360,operating_expenses,1900-01-01,9999-12-31
MALAWI,I25403,operating_expenses,1900-01-01,9999-12-31
MALAWI,I25431,operating_expenses,1900-01-01,9999-12-31
MALAWI,I25453,operating_expenses,1900-01-01,9999-12-31
MALAWI,I25455,operating_expenses,1900-01-01,9999-12-31
MALAWI,I25457,operating_expenses,1900-01-01,9999-12-31
MALAWI,I30002,tax_expense,1900-01-01,9999-12-31
MENA,MENA-046388E506,general_expenses,1900-01-01,9999-12-31
MENA,MENA-0768DBDA67,prepayments,1900-01-01,9999-12-31
MENA,MENA-0DE76FCF1D,trade_and_other_payables,1900-01-01,9999-12-31
MENA,MENA-11FF9F68AF,fee_income,1900-01-01,9999-12-31
MENA,MENA-144CFDADEE,personnel_costs,1900-01-01,9999-12-31
MENA,MENA-146BDEBB32,ppe_cost,1900-01-01,9999-12-31
MENA,MENA-16C76D0E4D,professional_fees,1900-01-01,9999-12-31
MENA,MENA-199DAE0712,cash_and_cash_equivalents,1900-01-01,9999-12-31
MENA,MENA-1ED711FC7B,trade_and_other_payables,1900-01-01,9999-12-31
MENA,MENA-2EE230A067,trade_and_other_receivables,1900-01-01,9999-12-31
MENA,MENA-3141B0DFCC,other_reserves,1900-01-01,9999-12-31
MENA,MENA-35DFDE9066,trade_and_other_payables,1900-01-01,9999-12-31
MENA,MENA-3A1A75AD17,trade_and_other_payables,1900-01-01,9999-12-31
MENA,MENA-3A456AA6A0,input_vat,1900-01-01,9999-12-31
MENA,MENA-403F78F1FB,operating_expenses,1900-01-01,9999-12-31
MENA,MENA-41C192C768,share_capital,1900-01-01,9999-12-31
MENA,MENA-53931A3D5B,operating_expenses,1900-01-01,9999-12-31
MENA,MENA-55039AB02B,depreciation_amortisation,1900-01-01,9999-12-31
MENA,MENA-567BDA3BB3,trade_and_other_payables,1900-01-01,9999-12-31
MENA,MENA-5F24260199,tax_payable,1900-01-01,9999-12-31
MENA,MENA-5F9C96BB72,professional_fees,1900-01-01,9999-12-31
MENA,MENA-6CB7E3BB98,operating_expenses,1900-01-01,9999-12-31
MENA,MENA-755FBB7C90,operating_expenses,1900-01-01,9999-12-31
MENA,MENA-776682E501,professional_fees,1900-01-01,9999-12-31
MENA,MENA-7EE46C8C6D,prepayments,1900-01-01,9999-12-31
MENA,MENA-8D9B32297B,general_expenses,1900-01-01,9999-12-31
MENA,MENA-919D350EC5,cash_and_cash_equivalents,1900-01-01,9999-12-31
MENA,MENA-936A66D397,tax_payable,1900-01-01,9999-12-31
MENA,MENA-960CF260F1,trade_and_other_receivables,1900-01-01,9999-12-31
MENA,MENA-A4D0993BF5,other_reserves,1900-01-01,9999-12-31
MENA,MENA-AB67AF20D7,trade_and_other_payables,1900-01-01,9999-12-31
MENA,MENA-ABB0874D9B,prepayments,1900-01-01,9999-12-31
MENA,MENA-AD12535FFE,ppe_cost,1900-01-01,9999-12-31
MENA,MENA-AFA8F53ACD,retained_earnings,1900-01-01,9999-12-31
MENA,MENA-B8659CBBCB,trade_and_other_receivables,1900-01-01,9999-12-31
MENA,MENA-BB6391D753,operating_expenses,1900-01-01,9999-12-31
MENA,MENA-C41B3CDBB3,operating_expenses,1900-01-01,9999-12-31
MENA,MENA-CA8DFDFF5F,prepayments,1900-01-01,9999-12-31
MENA,MENA-D0C754D934,operating_expenses,1900-01-01,9999-12-31
MENA,MENA-D519A3CC3D,ppe_cost,1900-01-01,9999-12-31
MENA,MENA-D60DE2D9D9,trade_and_other_payables,1900-01-01,9999-12-31
MENA,MENA-ECE641121F,prepayments,1900-01-01,9999-12-31
NIGERIA,NGA-033B97A2E3,share_capital,1900-01-01,9999-12-31
NIGERIA,NGA-08F8732FCA,depreciation_amortisation,1900-01-01,9999-12-31
NIGERIA,NGA-0DB8BD5A25,operating_expenses,1900-01-01,9999-12-31
NIGERIA,NGA-1300EBE563,tax_payable,1900-01-01,9999-12-31
NIGERIA,NGA-18E8E50B58,personnel_costs,1900-01-01,9999-12-31
NIGERIA,NGA-1A5EF8C9DA,general_expenses,1900-01-01,9999-12-31
NIGERIA,NGA-1AFC2B5862,trade_and_other_receivables,1900-01-01,9999-12-31
NIGERIA,NGA-1F6AA89E3C,furniture_fittings_cost,1900-01-01,9999-12-31
NIGERIA,NGA-20A2B190BB,other_income,1900-01-01,9999-12-31
NIGERIA,NGA-28F9891D06,tax_payable,1900-01-01,9999-12-31
NIGERIA,NGA-2DC69F0726,personnel_costs,1900-01-01,9999-12-31
NIGERIA,NGA-304FE358C8,operating_expenses,1900-01-01,9999-12-31
NIGERIA,NGA-3A300AEB94,trade_and_other_payables,1900-01-01,9999-12-31
NIGERIA,NGA-3AE7F919D7,operating_expenses,1900-01-01,9999-12-31
NIGERIA,NGA-4157BCD3F2,furniture_fittings_depreciation,1900-01-01,9999-12-31
NIGERIA,NGA-42459776C1,ppe_depreciation,1900-01-01,9999-12-31
NIGERIA,NGA-441827E492,operating_expenses,1900-01-01,9999-12-31
NIGERIA,NGA-4F6B08A7D1,intercompany_receivable,1900-01-01,9999-12-31
NIGERIA,NGA-5E25FF4A78,cash_and_cash_equivalents,1900-01-01,9999-12-31
NIGERIA,NGA-61748BE731,personnel_costs,1900-01-01,9999-12-31
NIGERIA,NGA-6263C93967,motor_vehicles_cost,1900-01-01,9999-12-31
NIGERIA,NGA-6C1C45C01C,operating_expenses,1900-01-01,9999-12-31
NIGERIA,NGA-6E65CFDE20,professional_fees,1900-01-01,9999-12-31
NIGERIA,NGA-6F38A6EA89,operating_expenses,1900-01-01,9999-12-31
NIGERIA,NGA-6FCE13AFE1,depreciation_amortisation,1900-01-01,9999-12-31
NIGERIA,NGA-72E3015E10,ppe_cost,1900-01-01,9999-12-31
NIGERIA,NGA-747DEF68FF,operating_expenses,1900-01-01,9999-12-31
NIGERIA,NGA-83C4F9289A,tax_payable,1900-01-01,9999-12-31
NIGERIA,NGA-87EA3826B9,personnel_costs,1900-01-01,9999-12-31
NIGERIA,NGA-8C8A01D2E5,operating_expenses,1900-01-01,9999-12-31
NIGERIA,NGA-99CE65D944,operating_expenses,1900-01-01,9999-12-31
NIGERIA,NGA-9A940A611E,operating_expenses,1900-01-01,9999-12-31
NIGERIA,NGA-A204DC4B46,retained_earnings,1900-01-01,9999-12-31
NIGERIA,NGA-A3FD8E0F9B,personnel_costs,1900-01-01,9999-12-31
NIGERIA,NGA-A98CF143E3,depreciation_amortisation,1900-01-01,9999-12-31
NIGERIA,NGA-AB62548679,operating_expenses,1900-01-01,9999-12-31
NIGERIA,NGA-ADC4AC7D72,trade_and_other_payables,1900-01-01,9999-12-31
NIGERIA,NGA-B471657E41,input_vat,1900-01-01,9999-12-31
NIGERIA,NGA-C616F02A22,operating_expenses,1900-01-01,9999-12-31
NIGERIA,NGA-C88D047955,ppe_cost,1900-01-01,9999-12-31
NIGERIA,NGA-C9B80EDDCA,professional_fees,1900-01-01,9999-12-31
NIGERIA,NGA-CDCEAA99D1,fee_income,1900-01-01,9999-12-31
NIGERIA,NGA-D1D0E7517F,operating_expenses,1900-01-01,9999-12-31
NIGERIA,NGA-D6C3220804,motor_vehicles_cost,1900-01-01,9999-12-31
NIGERIA,NGA-DBB4F79D19,input_vat,1900-01-01,9999-12-31
NIGERIA,NGA-E12FBA6A53,operating_expenses,1900-01-01,9999-12-31
NIGERIA,NGA-E334E8A81F,professional_fees,1900-01-01,9999-12-31
NIGERIA,NGA-E658D67C9C,trade_and_other_receivables,1900-01-01,9999-12-31
NIGERIA,NGA-EE31B67ED4,operating_expenses,1900-01-01,9999-12-31
RWANDA,B10120,share_capital,1900-01-01,9999-12-31
RWANDA,B15110,retained_earnings,1900-01-01,9999-12-31
RWANDA,B35140,motor_vehicles_cost,1900-01-01,9999-12-31
RWANDA,B35160,motor_vehicles_cost,1900-01-01,9999-12-31
RWANDA,B35170,furniture_fittings_cost,1900-01-01,9999-12-31
RWANDA,B35200,furniture_fittings_depreciation,1900-01-01,9999-12-31
RWANDA,B35210,ppe_cost,1900-01-01,9999-12-31
RWANDA,B35240,ppe_depreciation,1900-01-01,9999-12-31
RWANDA,B35290,ppe_depreciation,1900-01-01,9999-12-31
RWANDA,B35320,cash_and_cash_equivalents,1900-01-01,9999-12-31
RWANDA,B35420,tax_payable,1900-01-01,9999-12-31
RWANDA,B40111,personnel_costs,1900-01-01,9999-12-31
RWANDA,B55140,trade_and_other_receivables,1900-01-01,9999-12-31
RWANDA,B55360,prepayments,1900-01-01,9999-12-31
RWANDA,B55480,trade_and_other_receivables,1900-01-01,9999-12-31
RWANDA,B55550,prepayments,1900-01-01,9999-12-31
RWANDA,B55570,intercompany_receivable,1900-01-01,9999-12-31
RWANDA,B60090,cash_and_cash_equivalents,1900-01-01,9999-12-31
RWANDA,B60160,cash_and_cash_equivalents,1900-01-01,9999-12-31
RWANDA,B60180,cash_and_cash_equivalents,1900-01-01,9999-12-31
RWANDA,B60190,cash_and_cash_equivalents,1900-01-01,9999-12-31
RWANDA,B60440,cash_and_cash_equivalents,1900-01-01,9999-12-31
RWANDA,B60450,cash_and_cash_equivalents,1900-01-01,9999-12-31
RWANDA,B60460,investment_in_subsidiary,1900-01-01,9999-12-31
RWANDA,B65200,trade_and_other_payables,1900-01-01,9999-12-31
RWANDA,B65290,input_vat,1900-01-01,9999-12-31
RWANDA,B70141,trade_and_other_payables,1900-01-01,9999-12-31
RWANDA,B70190,input_vat,1900-01-01,9999-12-31
RWANDA,B70230,tax_payable,1900-01-01,9999-12-31
RWANDA,B70235,personnel_costs,1900-01-01,9999-12-31
RWANDA,B70340,trade_and_other_receivables,1900-01-01,9999-12-31
RWANDA,B70461,trade_and_other_payables,1900-01-01,9999-12-31
RWANDA,B75120,tax_payable,1900-01-01,9999-12-31
RWANDA,B80170,input_vat,1900-01-01,9999-12-31
RWANDA,B80202,trade_and_other_payables,1900-01-01,9999-12-31
RWANDA,B80203,personnel_costs,1900-01-01,9999-12-31
RWANDA,B80204,personnel_costs,1900-01-01,9999-12-31
RWANDA,B80205,trade_and_other_payables,1900-01-01,9999-12-31
RWANDA,I10021,interest_income,1900-01-01,9999-12-31
RWANDA,I10035,other_income,1900-01-01,9999-12-31
RWANDA,I10053,commission_earned,1900-01-01,9999-12-31
RWANDA,I10060,fee_income,1900-01-01,9999-12-31
RWANDA,I10071,fee_income,1900-01-01,9999-12-31
RWANDA,I25001,personnel_costs,1900-01-01,9999-12-31
RWANDA,I25003,personnel_costs,1900-01-01,9999-12-31
RWANDA,I25004,personnel_costs,1900-01-01,9999-12-31
RWANDA,I25005,personnel_costs,1900-01-01,9999-12-31
RWANDA,I25027,operating_expenses,1900-01-01,9999-12-31
RWANDA,I25029,personnel_costs,1900-01-01,9999-12-31
RWANDA,I25071,operating_expenses,1900-01-01,9999-12-31
RWANDA,I25078,professional_fees,1900-01-01,9999-12-31
RWANDA,I25079,operating_expenses,1900-01-01,9999-12-31
RWANDA,I25080,operating_expenses,1900-01-01,9999-12-31
RWANDA,I25111,operating_expenses,1900-01-01,9999-12-31
RWANDA,I25144,professional_fees,1900-01-01,9999-12-31
RWANDA,I25147,professional_fees,1900-01-01,9999-12-31
RWANDA,I25182,operating_expenses,1900-01-01,9999-12-31
RWANDA,I25203,operating_expenses,1900-01-01,9999-12-31
RWANDA,I25232,operating_expenses,1900-01-01,9999-12-31
RWANDA,I25261,depreciation_amortisation,1900-01-01,9999-12-31
RWANDA,I25262,depreciation_amortisation,1900-01-01,9999-12-31
RWANDA,I25264,depreciation_amortisation,1900-01-01,9999-12-31
RWANDA,I25291,operating_expenses,1900-01-01,9999-12-31
RWANDA,I25360,operating_expenses,1900-01-01,9999-12-31
RWANDA,I25367,general_expenses,1900-01-01,9999-12-31
RWANDA,I25380,operating_expenses,1900-01-01,9999-12-31
RWANDA,I25381,operating_expenses,1900-01-01,9999-12-31
RWANDA,I25403,operating_expenses,1900-01-01,9999-12-31
RWANDA,I25423,depreciation_amortisation,1900-01-01,9999-12-31
RWANDA,I25429,operating_expenses,1900-01-01,9999-12-31
RWANDA,I25431,operating_expenses,1900-01-01,9999-12-31
RWANDA,I25453,operating_expenses,1900-01-01,9999-12-31
RWANDA,I25454,operating_expenses,1900-01-01,9999-12-31
ZAAC,B10120,share_capital,1900-01-01,9999-12-31
ZAAC,B15110,retained_earnings,1900-01-01,9999-12-31
ZAAC,B30110,intercompany_receivable,1900-01-01,9999-12-31
ZAAC,B35130,ppe_cost,1900-01-01,9999-12-31
ZAAC,B35140,motor_vehicles_cost,1900-01-01,9999-12-31
ZAAC,B35160,motor_vehicles_cost,1900-01-01,9999-12-31
ZAAC,B35170,furniture_fittings_cost,1900-01-01,9999-12-31
ZAAC,B35200,furniture_fittings_depreciation,1900-01-01,9999-12-31
ZAAC,B35210,ppe_cost,1900-01-01,9999-12-31
ZAAC,B35240,ppe_depreciation,1900-01-01,9999-12-31
ZAAC,B35250,ppe_cost,1900-01-01,9999-12-31
ZAAC,B35290,ppe_depreciation,1900-01-01,9999-12-31
ZAAC,B35310,computer_software,1900-01-01,9999-12-31
ZAAC,B35330,ppe_cost,1900-01-01,9999-12-31
ZAAC,B35340,computer_software,1900-01-01,9999-12-31
ZAAC,B35350,ppe_cost,1900-01-01,9999-12-31
ZAAC,B35370,ppe_cost,1900-01-01,9999-12-31
ZAAC,B35420,tax_payable,1900-01-01,9999-12-31
ZAAC,B40110,investment_in_subsidiary,1900-01-01,9999-12-31
ZAAC,B45110,ppe_cost,1900-01-01,9999-12-31
ZAAC,B55110,trade_and_other_receivables,1900-01-01,9999-12-31
ZAAC,B55130,intercompany_receivable,1900-01-01,9999-12-31
ZAAC,B55135,trade_and_other_payables,1900-01-01,9999-12-31
ZAAC,B55140,trade_and_other_receivables,1900-01-01,9999-12-31
ZAAC,B55150,trade_and_other_receivables,1900-01-01,9999-12-31
ZAAC,B55210,investment_in_subsidiary,1900-01-01,9999-12-31
ZAAC,B55360,prepayments,1900-01-01,9999-12-31
ZAAC,B55420,intercompany_receivable,1900-01-01,9999-12-31
ZAAC,B55430,trade_and_other_receivables,1900-01-01,9999-12-31
ZAAC,B55480,trade_and_other_receivables,1900-01-01,9999-12-31
ZAAC,B55481,trade_and_other_receivables,1900-01-01,9999-12-31
ZAAC,B55490,intercompany_receivable,1900-01-01,9999-12-31
ZAAC,B55520,intercompany_receivable,1900-01-01,9999-12-31
ZAAC,B60090,cash_and_cash_equivalents,1900-01-01,9999-12-31
ZAAC,B60110,cash_and_cash_equivalents,1900-01-01,9999-12-31
ZAAC,B60160,cash_and_cash_equivalents,1900-01-01,9999-12-31
ZAAC,B60180,cash_and_cash_equivalents,1900-01-01,9999-12-31
ZAAC,B60190,cash_and_cash_equivalents,1900-01-01,9999-12-31
ZAAC,B60210,cash_and_cash_equivalents,1900-01-01,9999-12-31
ZAAC,B60260,cash_and_cash_equivalents,1900-01-01,9999-12-31
ZAAC,B60270,cash_and_cash_equivalents,1900-01-01,9999-12-31
ZAAC,B60310,prepayments,1900-01-01,9999-12-31
ZAAC,B60320,prepayments,1900-01-01,9999-12-31
ZAAC,B60330,prepayments,1900-01-01,9999-12-31
ZAAC,B60340,prepayments,1900-01-01,9999-12-31
ZAAC,B60350,prepayments,1900-01-01,9999-12-31
ZAAC,B60360,prepayments,1900-01-01,9999-12-31
ZAAC,B60370,prepayments,1900-01-01,9999-12-31
ZAAC,B60380,prepayments,1900-01-01,9999-12-31
ZAAC,B60390,prepayments,1900-01-01,9999-12-31
ZAAC,B60400,prepayments,1900-01-01,9999-12-31
ZAAC,B60401,cash_and_cash_equivalents,1900-01-01,9999-12-31
ZAAC,B60420,trade_and_other_receivables,1900-01-01,9999-12-31
ZAAC,B65110,trade_and_other_receivables,1900-01-01,9999-12-31
ZAAC,B65120,intercompany_receivable,1900-01-01,9999-12-31
ZAAC,B65130,intercompany_receivable,1900-01-01,9999-12-31
ZAAC,B65140,intercompany_receivable,1900-01-01,9999-12-31
ZAAC,B65150,cash_and_cash_equivalents,1900-01-01,9999-12-31
ZAAC,B65160,cash_and_cash_equivalents,1900-01-01,9999-12-31
ZAAC,B65180,prepayments,1900-01-01,9999-12-31
ZAAC,B65200,trade_and_other_payables,1900-01-01,9999-12-31
ZAAC,B65230,input_vat,1900-01-01,9999-12-31
ZAAC,B65240,input_vat,1900-01-01,9999-12-31
ZAAC,B65260,intercompany_receivable,1900-01-01,9999-12-31
ZAAC,B65290,input_vat,1900-01-01,9999-12-31
ZAAC,B65350,ppe_cost,1900-01-01,9999-12-31
ZAAC,B70130,intercompany_receivable,1900-01-01,9999-12-31
ZAAC,B70140,trade_and_other_payables,1900-01-01,9999-12-31
ZAAC,B70141,trade_and_other_payables,1900-01-01,9999-12-31
ZAAC,B70142,cash_and_cash_equivalents,1900-01-01,9999-12-31
ZAAC,B70160,intercompany_receivable,1900-01-01,9999-12-31
ZAAC,B70180,intercompany_receivable,1900-01-01,9999-12-31
ZAAC,B70190,input_vat,1900-01-01,9999-12-31
ZAAC,B70195,input_vat,1900-01-01,9999-12-31
ZAAC,B70200,cash_and_cash_equivalents,1900-01-01,9999-12-31
ZAAC,B70205,input_vat,1900-01-01,9999-12-31
ZAAC,B70210,trade_and_other_payables,1900-01-01,9999-12-31
ZAAC,B70220,operating_expenses,1900-01-01,9999-12-31
ZAAC,B70230,tax_payable,1900-01-01,9999-12-31
ZAAC,B70235,personnel_costs,1900-01-01,9999-12-31
ZAAC,B70240,cash_and_cash_equivalents,1900-01-01,9999-12-31
ZAAC,B70250,trade_and_other_payables,1900-01-01,9999-12-31
ZAAC,B70260,cash_and_cash_equivalents,1900-01-01,9999-12-31
ZAAC,B70270,trade_and_other_payables,1900-01-01,9999-12-31
ZAAC,B70280,trade_and_other_payables,1900-01-01,9999-12-31
ZAAC,B70310,trade_and_other_payables,1900-01-01,9999-12-31
ZAAC,B70330,trade_and_other_payables,1900-01-01,9999-12-31
ZAAC,B70340,trade_and_other_receivables,1900-01-01,9999-12-31
ZAAC,B70360,trade_and_other_payables,1900-01-01,9999-12-31
ZAAC,B70390,trade_and_other_payables,1900-01-01,9999-12-31
ZAAC,B70400,trade_and_other_payables,1900-01-01,9999-12-31
ZAAC,B70410,trade_and_other_payables,1900-01-01,9999-12-31
ZAAC,B70420,cash_and_cash_equivalents,1900-01-01,9999-12-31
ZAAC,B75120,tax_payable,1900-01-01,9999-12-31
ZAAC,B80110,trade_and_other_payables,1900-01-01,9999-12-31
ZAAC,B80120,trade_and_other_payables,1900-01-01,9999-12-31
ZAAC,B80170,input_vat,1900-01-01,9999-12-31
ZAAC,B80190,trade_and_other_payables,1900-01-01,9999-12-31
ZAAC,I10047,fee_income,1900-01-01,9999-12-31
ZAAC,I10060,fee_income,1900-01-01,9999-12-31
ZAAC,I10067,trade_and_other_payables,1900-01-01,9999-12-31
ZAAC,I10068,trade_and_other_payables,1900-01-01,9999-12-31
ZAAC,I10070,trade_and_other_payables,1900-01-01,9999-12-31
ZAAC,I10071,fee_income,1900-01-01,9999-12-31
ZAAC,I10073,fee_income,1900-01-01,9999-12-31
ZAAC,I10121,interest_income,1900-01-01,9999-12-31
ZAAC,I25001,personnel_costs,1900-01-01,9999-12-31
ZAAC,I25002,personnel_costs,1900-01-01,9999-12-31
ZAAC,I25003,personnel_costs,1900-01-01,9999-12-31
ZAAC,I25004,personnel_costs,1900-01-01,9999-12-31
ZAAC,I25005,personnel_costs,1900-01-01,9999-12-31
ZAAC,I25009,personnel_costs,1900-01-01,9999-12-31
ZAAC,I25020,personnel_costs,1900-01-01,9999-12-31
ZAAC,I25024,personnel_costs,1900-01-01,9999-12-31
ZAAC,I25026,operating_expenses,1900-01-01,9999-12-31
ZAAC,I25027,operating_expenses,1900-01-01,9999-12-31
ZAAC,I25029,personnel_costs,1900-01-01,9999-12-31
ZAAC,I25032,commission_expense,1900-01-01,9999-12-31
ZAAC,I25043,personnel_costs,1900-01-01,9999-12-31
ZAAC,I25044,personnel_costs,1900-01-01,9999-12-31
ZAAC,I25071,operating_expenses,1900-01-01,9999-12-31
ZAAC,I25072,operating_expenses,1900-01-01,9999-12-31
ZAAC,I25073,operating_expenses,1900-01-01,9999-12-31
ZAAC,I25074,operating_expenses,1900-01-01,9999-12-31
ZAAC,I25079,operating_expenses,1900-01-01,9999-12-31
ZAAC,I25080,operating_expenses,1900-01-01,9999-12-31
ZAAC,I25111,operating_expenses,1900-01-01,9999-12-31
ZAAC,I25114,operating_expenses,1900-01-01,9999-12-31
ZAAC,I25141,professional_fees,1900-01-01,9999-12-31
ZAAC,I25144,professional_fees,1900-01-01,9999-12-31
ZAAC,I25145,professional_fees,1900-01-01,9999-12-31
ZAAC,I25181,operating_expenses,1900-01-01,9999-12-31
ZAAC,I25182,operating_expenses,1900-01-01,9999-12-31
ZAAC,I25187,operating_expenses,1900-01-01,9999-12-31
ZAAC,I25191,operating_expenses,1900-01-01,9999-12-31
ZAAC,I25193,operating_expenses,1900-01-01,9999-12-31
ZAAC,I25203,operating_expenses,1900-01-01,9999-12-31
ZAAC,I25205,operating_expenses,1900-01-01,9999-12-31
ZAAC,I25232,operating_expenses,1900-01-01,9999-12-31
ZAAC,I25236,operating_expenses,1900-01-01,9999-12-31
ZAAC,I25262,depreciation_amortisation,1900-01-01,9999-12-31
ZAAC,I25263,ppe_cost,1900-01-01,9999-12-31
ZAAC,I25264,depreciation_amortisation,1900-01-01,9999-12-31
ZAAC,I25265,depreciation_amortisation,1900-01-01,9999-12-31
ZAAC,I25268,depreciation_amortisation,1900-01-01,9999-12-31
ZAAC,I25291,operating_expenses,1900-01-01,9999-12-31
ZAAC,I25293,operating_expenses,1900-01-01,9999-12-31
ZAAC,I25294,operating_expenses,1900-01-01,9999-12-31
ZAAC,I25326,finance_costs,1900-01-01,9999-12-31
ZAAC,I25329,finance_costs,1900-01-01,9999-12-31
ZAAC,I25354,operating_expenses,1900-01-01,9999-12-31
ZAAC,I25358,operating_expenses,1900-01-01,9999-12-31
ZAAC,I25360,operating_expenses,1900-01-01,9999-12-31
ZAAC,I25361,operating_expenses,1900-01-01,9999-12-31
ZAAC,I25362,personnel_costs,1900-01-01,9999-12-31
ZAAC,I25363,operating_expenses,1900-01-01,9999-12-31
ZAAC,I25365,operating_expenses,1900-01-01,9999-12-31
ZAAC,I25367,general_expenses,1900-01-01,9999-12-31
ZAAC,I25401,operating_expenses,1900-01-01,9999-12-31
ZAAC,I25422,operating_expenses,1900-01-01,9999-12-31
ZAAC,I25423,depreciation_amortisation,1900-01-01,9999-12-31
ZAAC,I25427,operating_expenses,1900-01-01,9999-12-31
ZAAC,I25428,operating_expenses,1900-01-01,9999-12-31
ZAAC,I25429,operating_expenses,1900-01-01,9999-12-31
ZAAC,I25432,operating_expenses,1900-01-01,9999-12-31
ZAAC,I25455,operating_expenses,1900-01-01,9999-12-31
ZAMRE,B10120,share_capital,1900-01-01,9999-12-31
ZAMRE,B15110,retained_earnings,1900-01-01,9999-12-31
ZAMRE,B35320,computer_software,1900-01-01,9999-12-31
ZAMRE,B55110,trade_and_other_receivables,1900-01-01,9999-12-31
ZAMRE,B55340,trade_and_other_receivables,1900-01-01,9999-12-31
ZAMRE,B55480,trade_and_other_receivables,1900-01-01,9999-12-31
ZAMRE,B55575,intercompany_receivable,1900-01-01,9999-12-31
ZAMRE,B55580,trade_and_other_receivables,1900-01-01,9999-12-31
ZAMRE,B60110,cash_and_cash_equivalents,1900-01-01,9999-12-31
ZAMRE,B60120,cash_and_cash_equivalents,1900-01-01,9999-12-31
ZAMRE,B60130,cash_and_cash_equivalents,1900-01-01,9999-12-31
ZAMRE,B60131,cash_and_cash_equivalents,1900-01-01,9999-12-31
ZAMRE,B65150,cash_and_cash_equivalents,1900-01-01,9999-12-31
ZAMRE,B70290,trade_and_other_payables,1900-01-01,9999-12-31
ZAMRE,B75120,tax_payable,1900-01-01,9999-12-31
ZAMRE,I10003,commission_earned,1900-01-01,9999-12-31
ZAMRE,I10121,interest_income,1900-01-01,9999-12-31
ZAMRE,I25001,personnel_costs,1900-01-01,9999-12-31
ZAMRE,I25002,personnel_costs,1900-01-01,9999-12-31
ZAMRE,I25003,personnel_costs,1900-01-01,9999-12-31
ZAMRE,I25004,personnel_costs,1900-01-01,9999-12-31
ZAMRE,I25009,personnel_costs,1900-01-01,9999-12-31
ZAMRE,I25024,personnel_costs,1900-01-01,9999-12-31
ZAMRE,I25026,operating_expenses,1900-01-01,9999-12-31
ZAMRE,I25027,operating_expenses,1900-01-01,9999-12-31
ZAMRE,I25029,personnel_costs,1900-01-01,9999-12-31
ZAMRE,I25032,commission_expense,1900-01-01,9999-12-31
ZAMRE,I25071,operating_expenses,1900-01-01,9999-12-31
ZAMRE,I25072,operating_expenses,1900-01-01,9999-12-31
ZAMRE,I25073,operating_expenses,1900-01-01,9999-12-31
ZAMRE,I25074,operating_expenses,1900-01-01,9999-12-31
ZAMRE,I25080,operating_expenses,1900-01-01,9999-12-31
ZAMRE,I25082,operating_expenses,1900-01-01,9999-12-31
ZAMRE,I25111,operating_expenses,1900-01-01,9999-12-31
ZAMRE,I25114,operating_expenses,1900-01-01,9999-12-31
ZAMRE,I25141,professional_fees,1900-01-01,9999-12-31
ZAMRE,I25145,professional_fees,1900-01-01,9999-12-31
ZAMRE,I25181,operating_expenses,1900-01-01,9999-12-31
ZAMRE,I25182,operating_expenses,1900-01-01,9999-12-31
ZAMRE,I25203,operating_expenses,1900-01-01,9999-12-31
ZAMRE,I25205,operating_expenses,1900-01-01,9999-12-31
ZAMRE,I25232,operating_expenses,1900-01-01,9999-12-31
ZAMRE,I25236,operating_expenses,1900-01-01,9999-12-31
ZAMRE,I25291,operating_expenses,1900-01-01,9999-12-31
ZAMRE,I25293,operating_expenses,1900-01-01,9999-12-31
ZAMRE,I25327,finance_costs,1900-01-01,9999-12-31
ZAMRE,I25358,operating_expenses,1900-01-01,9999-12-31
ZAMRE,I25360,operating_expenses,1900-01-01,9999-12-31
ZAMRE,I25361,operating_expenses,1900-01-01,9999-12-31
ZAMRE,I25367,general_expenses,1900-01-01,9999-12-31
ZAMRE,I25403,operating_expenses,1900-01-01,9999-12-31
ZAMRE,I25429,operating_expenses,1900-01-01,9999-12-31
ZAMRE,I25455,operating_expenses,1900-01-01,9999-12-31
ZARIB,B10120,share_capital,1900-01-01,9999-12-31
ZARIB,B15110,retained_earnings,1900-01-01,9999-12-31
ZARIB,B20130,retained_earnings,1900-01-01,9999-12-31
ZARIB,B35140,motor_vehicles_cost,1900-01-01,9999-12-31
ZARIB,B35160,motor_vehicles_cost,1900-01-01,9999-12-31
ZARIB,B35170,furniture_fittings_cost,1900-01-01,9999-12-31
ZARIB,B35200,furniture_fittings_depreciation,1900-01-01,9999-12-31
ZARIB,B35210,ppe_cost,1900-01-01,9999-12-31
ZARIB,B35220,ppe_cost,1900-01-01,9999-12-31
ZARIB,B35240,ppe_depreciation,1900-01-01,9999-12-31
ZARIB,B35250,ppe_cost,1900-01-01,9999-12-31
ZARIB,B35260,ppe_cost,1900-01-01,9999-12-31
ZARIB,B35300,ppe_depreciation,1900-01-01,9999-12-31
ZARIB,B35310,computer_software,1900-01-01,9999-12-31
ZARIB,B35320,computer_software,1900-01-01,9999-12-31
ZARIB,B35350,ppe_cost,1900-01-01,9999-12-31
ZARIB,B35370,ppe_cost,1900-01-01,9999-12-31
ZARIB,B35380,depreciation_amortisation,1900-01-01,9999-12-31
ZARIB,B35420,tax_payable,1900-01-01,9999-12-31
ZARIB,B55220,trade_and_other_receivables,1900-01-01,9999-12-31
ZARIB,B55340,trade_and_other_receivables,1900-01-01,9999-12-31
ZARIB,B55380,trade_and_other_receivables,1900-01-01,9999-12-31
ZARIB,B55450,intercompany_receivable,1900-01-01,9999-12-31
ZARIB,B55480,trade_and_other_receivables,1900-01-01,9999-12-31
ZARIB,B55490,intercompany_receivable,1900-01-01,9999-12-31
ZARIB,B55500,intercompany_receivable,1900-01-01,9999-12-31
ZARIB,B55550,prepayments,1900-01-01,9999-12-31
ZARIB,B55570,intercompany_receivable,1900-01-01,9999-12-31
ZARIB,B55575,intercompany_receivable,1900-01-01,9999-12-31
ZARIB,B55580,trade_and_other_receivables,1900-01-01,9999-12-31
ZARIB,B60030,cash_and_cash_equivalents,1900-01-01,9999-12-31
ZARIB,B60060,cash_and_cash_equivalents,1900-01-01,9999-12-31
ZARIB,B60070,cash_and_cash_equivalents,1900-01-01,9999-12-31
ZARIB,B60090,cash_and_cash_equivalents,1900-01-01,9999-12-31
ZARIB,B60100,cash_and_cash_equivalents,1900-01-01,9999-12-31
ZARIB,B60110,cash_and_cash_equivalents,1900-01-01,9999-12-31
ZARIB,B60120,cash_and_cash_equivalents,1900-01-01,9999-12-31
ZARIB,B60130,cash_and_cash_equivalents,1900-01-01,9999-12-31
ZARIB,B60131,cash_and_cash_equivalents,1900-01-01,9999-12-31
ZARIB,B60140,cash_and_cash_equivalents,1900-01-01,9999-12-31
ZARIB,B60150,cash_and_cash_equivalents,1900-01-01,9999-12-31
ZARIB,B60160,cash_and_cash_equivalents,1900-01-01,9999-12-31
ZARIB,B60170,cash_and_cash_equivalents,1900-01-01,9999-12-31
ZARIB,B60180,cash_and_cash_equivalents,1900-01-01,9999-12-31
ZARIB,B60190,cash_and_cash_equivalents,1900-01-01,9999-12-31
ZARIB,B60210,cash_and_cash_equivalents,1900-01-01,9999-12-31
ZARIB,B60220,cash_and_cash_equivalents,1900-01-01,9999-12-31
ZARIB,B60230,cash_and_cash_equivalents,1900-01-01,9999-12-31
ZARIB,B60240,cash_and_cash_equivalents,1900-01-01,9999-12-31
ZARIB,B60250,trade_and_other_receivables,1900-01-01,9999-12-31
ZARIB,B60280,cash_and_cash_equivalents,1900-01-01,9999-12-31
ZARIB,B60281,cash_and_cash_equivalents,1900-01-01,9999-12-31
ZARIB,B60282,cash_and_cash_equivalents,1900-01-01,9999-12-31
ZARIB,B60283,cash_and_cash_equivalents,1900-01-01,9999-12-31
ZARIB,B60290,cash_and_cash_equivalents,1900-01-01,9999-12-31
ZARIB,B65130,intercompany_receivable,1900-01-01,9999-12-31
ZARIB,B65150,cash_and_cash_equivalents,1900-01-01,9999-12-31
ZARIB,B65160,cash_and_cash_equivalents,1900-01-01,9999-12-31
ZARIB,B65180,prepayments,1900-01-01,9999-12-31
ZARIB,B65200,trade_and_other_payables,1900-01-01,9999-12-31
ZARIB,B65270,investment_in_subsidiary,1900-01-01,9999-12-31
ZARIB,B65290,input_vat,1900-01-01,9999-12-31
ZARIB,B70111,trade_and_other_payables,1900-01-01,9999-12-31
ZARIB,B70115,trade_and_other_receivables,1900-01-01,9999-12-31
ZARIB,B70140,trade_and_other_payables,1900-01-01,9999-12-31
ZARIB,B70150,trade_and_other_payables,1900-01-01,9999-12-31
ZARIB,B70200,cash_and_cash_equivalents,1900-01-01,9999-12-31
ZARIB,B70210,trade_and_other_payables,1900-01-01,9999-12-31
ZARIB,B70220,operating_expenses,1900-01-01,9999-12-31
ZARIB,B70230,tax_payable,1900-01-01,9999-12-31
ZARIB,B70260,cash_and_cash_equivalents,1900-01-01,9999-12-31
ZARIB,B70270,trade_and_other_payables,1900-01-01,9999-12-31
ZARIB,B70280,trade_and_other_payables,1900-01-01,9999-12-31
ZARIB,B70290,trade_and_other_payables,1900-01-01,9999-12-31
ZARIB,B70310,trade_and_other_payables,1900-01-01,9999-12-31
ZARIB,B70330,trade_and_other_payables,1900-01-01,9999-12-31
ZARIB,B70340,trade_and_other_receivables,1900-01-01,9999-12-31
ZARIB,B70360,trade_and_other_payables,1900-01-01,9999-12-31
ZARIB,B70380,tax_payable,1900-01-01,9999-12-31
ZARIB,B70390,trade_and_other_payables,1900-01-01,9999-12-31
ZARIB,B70410,trade_and_other_payables,1900-01-01,9999-12-31
ZARIB,B70420,cash_and_cash_equivalents,1900-01-01,9999-12-31
ZARIB,B70450,trade_and_other_payables,1900-01-01,9999-12-31
ZARIB,B75120,tax_payable,1900-01-01,9999-12-31
ZARIB,B80110,trade_and_other_payables,1900-01-01,9999-12-31
ZARIB,B80170,input_vat,1900-01-01,9999-12-31
ZARIB,I10003,commission_earned,1900-01-01,9999-12-31
ZARIB,I10056,commission_earned,1900-01-01,9999-12-31
ZARIB,I10121,interest_income,1900-01-01,9999-12-31
ZARIB,I10123,other_income,1900-01-01,9999-12-31
ZARIB,I25001,personnel_costs,1900-01-01,9999-12-31
ZARIB,I25002,personnel_costs,1900-01-01,9999-12-31
ZARIB,I25003,personnel_costs,1900-01-01,9999-12-31
ZARIB,I25004,personnel_costs,1900-01-01,9999-12-31
ZARIB,I25009,personnel_costs,1900-01-01,9999-12-31
ZARIB,I25020,personnel_costs,1900-01-01,9999-12-31
ZARIB,I25024,personnel_costs,1900-01-01,9999-12-31
ZARIB,I25026,operating_expenses,1900-01-01,9999-12-31
ZARIB,I25027,operating_expenses,1900-01-01,9999-12-31
ZARIB,I25029,personnel_costs,1900-01-01,9999-12-31
ZARIB,I25032,commission_expense,1900-01-01,9999-12-31
ZARIB,I25043,personnel_costs,1900-01-01,9999-12-31
ZARIB,I25071,operating_expenses,1900-01-01,9999-12-31
ZARIB,I25072,operating_expenses,1900-01-01,9999-12-31
ZARIB,I25073,operating_expenses,1900-01-01,9999-12-31
ZARIB,I25074,operating_expenses,1900-01-01,9999-12-31
ZARIB,I25076,operating_expenses,1900-01-01,9999-12-31
ZARIB,I25079,operating_expenses,1900-01-01,9999-12-31
ZARIB,I25080,operating_expenses,1900-01-01,9999-12-31
ZARIB,I25082,operating_expenses,1900-01-01,9999-12-31
ZARIB,I25111,operating_expenses,1900-01-01,9999-12-31
ZARIB,I25114,operating_expenses,1900-01-01,9999-12-31
ZARIB,I25141,operating_expenses,1900-01-01,9999-12-31
ZARIB,I25145,professional_fees,1900-01-01,9999-12-31
ZARIB,I25181,operating_expenses,1900-01-01,9999-12-31
ZARIB,I25182,professional_fees,1900-01-01,9999-12-31
ZARIB,I25203,operating_expenses,1900-01-01,9999-12-31
ZARIB,I25205,operating_expenses,1900-01-01,9999-12-31
ZARIB,I25208,operating_expenses,1900-01-01,9999-12-31
ZARIB,I25232,operating_expenses,1900-01-01,9999-12-31
ZARIB,I25236,operating_expenses,1900-01-01,9999-12-31
ZARIB,I25261,commission_expense,1900-01-01,9999-12-31
ZARIB,I25262,depreciation_amortisation,1900-01-01,9999-12-31
ZARIB,I25263,general_expenses,1900-01-01,9999-12-31
ZARIB,I25264,depreciation_amortisation,1900-01-01,9999-12-31
ZARIB,I25265,operating_expenses,1900-01-01,9999-12-31
ZARIB,I25270,operating_expenses,1900-01-01,9999-12-31
ZARIB,I25291,operating_expenses,1900-01-01,9999-12-31
ZARIB,I25293,operating_expenses,1900-01-01,9999-12-31
ZARIB,I25294,operating_expenses,1900-01-01,9999-12-31
ZARIB,I25298,operating_expenses,1900-01-01,9999-12-31
ZARIB,I25327,operating_expenses,1900-01-01,9999-12-31
ZARIB,I25354,operating_expenses,1900-01-01,9999-12-31
ZARIB,I25358,operating_expenses,1900-01-01,9999-12-31
ZARIB,I25360,finance_costs,1900-01-01,9999-12-31
ZARIB,I25361,operating_expenses,1900-01-01,9999-12-31
ZARIB,I25362,personnel_costs,1900-01-01,9999-12-31
ZARIB,I25365,operating_expenses,1900-01-01,9999-12-31
ZARIB,I25367,operating_expenses,1900-01-01,9999-12-31
ZARIB,I25369,general_expenses,1900-01-01,9999-12-31
ZARIB,I25401,operating_expenses,1900-01-01,9999-12-31
ZARIB,I25403,operating_expenses,1900-01-01,9999-12-31
ZARIB,I25421,operating_expenses,1900-01-01,9999-12-31
ZARIB,I25422,operating_expenses,1900-01-01,9999-12-31
ZARIB,I25428,operating_expenses,1900-01-01,9999-12-31
ZARIB,I25429,operating_expenses,1900-01-01,9999-12-31
ZARIB,I25452,professional_fees,1900-01-01,9999-12-31
ZARIB,I25453,operating_expenses,1900-01-01,9999-12-31
ZARIB,I25455,depreciation_amortisation,1900-01-01,9999-12-31
ZARIB,I25456,operating_expenses,1900-01-01,9999-12-31
ZATL,B10115,funds_awaiting_capitalisation,1900-01-01,9999-12-31
ZATL,B10120,share_capital,1900-01-01,9999-12-31
ZATL,B15110,retained_earnings,1900-01-01,9999-12-31
ZATL,B35170,furniture_fittings_cost,1900-01-01,9999-12-31
ZATL,B35200,furniture_fittings_depreciation,1900-01-01,9999-12-31
ZATL,B35210,ppe_cost,1900-01-01,9999-12-31
ZATL,B35240,ppe_depreciation,1900-01-01,9999-12-31
ZATL,B35420,tax_payable,1900-01-01,9999-12-31
ZATL,B35421,intercompany_receivable,1900-01-01,9999-12-31
ZATL,B55110,trade_and_other_receivables,1900-01-01,9999-12-31
ZATL,B55150,trade_and_other_receivables,1900-01-01,9999-12-31
ZATL,B55340,trade_and_other_receivables,1900-01-01,9999-12-31
ZATL,B55422,intercompany_receivable,1900-01-01,9999-12-31
ZATL,B55425,intercompany_receivable,1900-01-01,9999-12-31
ZATL,B55427,intercompany_receivable,1900-01-01,9999-12-31
ZATL,B55450,intercompany_receivable,1900-01-01,9999-12-31
ZATL,B55480,trade_and_other_receivables,1900-01-01,9999-12-31
ZATL,B55490,intercompany_receivable,1900-01-01,9999-12-31
ZATL,B55570,intercompany_receivable,1900-01-01,9999-12-31
ZATL,B60190,cash_and_cash_equivalents,1900-01-01,9999-12-31
ZATL,B60260,cash_and_cash_equivalents,1900-01-01,9999-12-31
ZATL,B65150,cash_and_cash_equivalents,1900-01-01,9999-12-31
ZATL,B65180,prepayments,1900-01-01,9999-12-31
ZATL,B65200,trade_and_other_payables,1900-01-01,9999-12-31
ZATL,B65290,input_vat,1900-01-01,9999-12-31
ZATL,B70193,input_vat,1900-01-01,9999-12-31
ZATL,B70220,operating_expenses,1900-01-01,9999-12-31
ZATL,B70230,tax_payable,1900-01-01,9999-12-31
ZATL,B70235,personnel_costs,1900-01-01,9999-12-31
ZATL,B70280,trade_and_other_payables,1900-01-01,9999-12-31
ZATL,B70340,trade_and_other_receivables,1900-01-01,9999-12-31
ZATL,B75120,tax_payable,1900-01-01,9999-12-31
ZATL,B80140,operating_expenses,1900-01-01,9999-12-31
ZATL,B80170,input_vat,1900-01-01,9999-12-31
ZATL,I10060,fee_income,1900-01-01,9999-12-31
ZATL,I10121,interest_income,1900-01-01,9999-12-31
ZATL,I25001,personnel_costs,1900-01-01,9999-12-31
ZATL,I25002,personnel_costs,1900-01-01,9999-12-31
ZATL,I25004,personnel_costs,1900-01-01,9999-12-31
ZATL,I25026,operating_expenses,1900-01-01,9999-12-31
ZATL,I25071,operating_expenses,1900-01-01,9999-12-31
ZATL,I25072,operating_expenses,1900-01-01,9999-12-31
ZATL,I25074,operating_expenses,1900-01-01,9999-12-31
ZATL,I25079,operating_expenses,1900-01-01,9999-12-31
ZATL,I25080,operating_expenses,1900-01-01,9999-12-31
ZATL,I25114,operating_expenses,1900-01-01,9999-12-31
ZATL,I25141,professional_fees,1900-01-01,9999-12-31
ZATL,I25142,professional_fees,1900-01-01,9999-12-31
ZATL,I25145,professional_fees,1900-01-01,9999-12-31
ZATL,I25158,professional_fees,1900-01-01,9999-12-31
ZATL,I25181,operating_expenses,1900-01-01,9999-12-31
ZATL,I25182,operating_expenses,1900-01-01,9999-12-31
ZATL,I25232,operating_expenses,1900-01-01,9999-12-31
ZATL,I25264,depreciation_amortisation,1900-01-01,9999-12-31
ZATL,I25265,depreciation_amortisation,1900-01-01,9999-12-31
ZATL,I25291,operating_expenses,1900-01-01,9999-12-31
ZATL,I25352,operating_expenses,1900-01-01,9999-12-31
ZATL,I25358,operating_expenses,1900-01-01,9999-12-31
ZATL,I25360,operating_expenses,1900-01-01,9999-12-31
ZATL,I25367,general_expenses,1900-01-01,9999-12-31
ZATL,I25381,operating_expenses,1900-01-01,9999-12-31
ZATL,I25401,operating_expenses,1900-01-01,9999-12-31
ZATL,I25428,operating_expenses,1900-01-01,9999-12-31
ZATL,I25429,operating_expenses,1900-01-01,9999-12-31
ZATL,I25455,operating_expenses,1900-01-01,9999-12-31
ZHL,B10120,share_capital,1900-01-01,9999-12-31
ZHL,B15110,retained_earnings,1900-01-01,9999-12-31
ZHL,B40110,investment_in_subsidiary,1900-01-01,9999-12-31
ZHL,B55111,investment_in_subsidiary,1900-01-01,9999-12-31
ZHL,B55112,investment_in_subsidiary,1900-01-01,9999-12-31
ZHL,B55113,investment_in_subsidiary,1900-01-01,9999-12-31
ZHL,B55114,investment_in_subsidiary,1900-01-01,9999-12-31
ZHL,B55115,investment_in_subsidiary,1900-01-01,9999-12-31
ZHL,B55117,intercompany_receivable,1900-01-01,9999-12-31
ZHL,B55118,investment_in_subsidiary,1900-01-01,9999-12-31
ZHL,B55210,investment_in_subsidiary,1900-01-01,9999-12-31
ZHL,B55340,trade_and_other_receivables,1900-01-01,9999-12-31
ZHL,B55480,trade_and_other_receivables,1900-01-01,9999-12-31
ZHL,B55570,intercompany_receivable,1900-01-01,9999-12-31
ZHL,B60090,cash_and_cash_equivalents,1900-01-01,9999-12-31
ZHL,B60110,cash_and_cash_equivalents,1900-01-01,9999-12-31
ZHL,B60180,cash_and_cash_equivalents,1900-01-01,9999-12-31
ZHL,B65130,intercompany_receivable,1900-01-01,9999-12-31
ZHL,B65150,cash_and_cash_equivalents,1900-01-01,9999-12-31
ZHL,B65290,input_vat,1900-01-01,9999-12-31
ZHL,B70111,intercompany_receivable,1900-01-01,9999-12-31
ZHL,B70112,intercompany_receivable,1900-01-01,9999-12-31
ZHL,B70113,intercompany_receivable,1900-01-01,9999-12-31
ZHL,B70160,intercompany_receivable,1900-01-01,9999-12-31
ZHL,B70280,trade_and_other_payables,1900-01-01,9999-12-31
ZHL,B70340,trade_and_other_receivables,1900-01-01,9999-12-31
ZHL,B75100,tax_payable,1900-01-01,9999-12-31
ZHL,B80170,input_vat,1900-01-01,9999-12-31
ZHL,I10121,interest_income,1900-01-01,9999-12-31
ZHL,I25182,professional_fees,1900-01-01,9999-12-31
ZHL,I25291,operating_expenses,1900-01-01,9999-12-31
ZHL,I25360,operating_expenses,1900-01-01,9999-12-31
ZHL,I25367,general_expenses,1900-01-01,9999-12-31
